{
  "period_3_5": {
    "first_half_mean": 337850.37378640776,
    "second_half_mean": 260917.9294871795,
    "difference_pct": -22.771158556676834,
    "p_value": 0.08627843276375047,
    "significant": "False",
    "jackpots_first_half": 22,
    "jackpots_second_half": 14
  },
  "lag_26": {
    "correlation": 0.08333481377706588,
    "p_value": 0.41953937965276983,
    "q4_lotto_winners": 826606.5,
    "q1_lotto_winners": 838828.2083333334,
    "improvement_pct": -1.456997775219871,
    "jp_rate_after_high_keno": 0.1875,
    "jp_rate_after_low_keno": 0.16666666666666666
  },
  "wavelet": {
    "error": "module 'scipy.signal' has no attribute 'cwt'"
  }
}