{
  "timestamp": "2025-12-31T16:45:58.361826",
  "window": 30,
  "hot_zone": [
    4,
    7,
    9,
    12,
    14,
    17,
    19,
    20,
    22,
    23,
    27,
    32,
    33,
    41,
    45,
    46,
    47,
    48,
    50,
    53,
    54,
    56,
    61
  ],
  "ticket": [
    48,
    56,
    14,
    50,
    54,
    7,
    27,
    46,
    17
  ],
  "avg_coverage": 32.78206026629292,
  "avg_lift": 0.9977148776697845,
  "zone_stability": 86.09671321422039
}