{
  "training": {
    "years": "2022-2024",
    "jackpots": 53,
    "transitions": 52
  },
  "test": {
    "year": "2025",
    "jackpots": 17,
    "draws": 667,
    "netto": -408.0,
    "roi": -61.169415292353825,
    "avg_hits": 2.5772113943028487,
    "expected_hits": 2.5714285714285716
  },
  "hit_distribution": {
    "4": 102,
    "1": 112,
    "2": 198,
    "3": 187,
    "0": 21,
    "5": 40,
    "6": 7
  },
  "high_wins": 7
}