{
  "timestamp": "2025-12-31T16:47:53.809696",
  "smart_zone": [
    57,
    33,
    17,
    50,
    70,
    5,
    6,
    43,
    9,
    27,
    48,
    28,
    39,
    3,
    16,
    63,
    4,
    35,
    41,
    32,
    12,
    47,
    53
  ],
  "ticket": [
    57,
    33,
    17,
    50,
    70,
    5,
    6,
    43,
    9
  ],
  "avg_lift_smart": 1.0018563407075574,
  "avg_lift_freq": 0.9973458930379552
}