{
  "timestamp": "2025-12-31T18:31:14.534696",
  "analysis": "Multi-Type KENO Strategy Comparison",
  "theoretical": {
    "6": {
      "probabilities": {
        "0": 0.1211957489393837,
        "1": 0.32318866383835654,
        "2": 0.33372742461569427,
        "3": 0.17041400405907792,
        "4": 0.04526621982819257,
        "5": 0.005912322589804744,
        "6": 0.00029561612949023723
      },
      "expected_value": 0.4974393473076528,
      "house_edge": 50.25606526923472,
      "jackpot_prob": 0.00029561612949023723,
      "jackpot_odds": "1:3,382"
    },
    "7": {
      "probabilities": {
        "0": 0.0833220773958263,
        "1": 0.2651157008049019,
        "2": 0.33581322101954236,
        "3": 0.21900862240404936,
        "4": 0.079215884699337,
        "5": 0.0158431769398674,
        "6": 0.0016166507081497347,
        "7": 6.466602832598939e-05
      },
      "expected_value": 0.9574946658868482,
      "house_edge": 4.250533411315183,
      "jackpot_prob": 6.466602832598939e-05,
      "jackpot_odds": "1:15,464"
    },
    "8": {
      "probabilities": {
        "0": 0.05687062425429414,
        "1": 0.21161162513225726,
        "2": 0.319822115256707,
        "3": 0.2558576922053656,
        "4": 0.11819512955139172,
        "5": 0.03218931187782583,
        "6": 0.005029579980910286,
        "7": 0.0004105779576253295,
        "8": 1.3343783622823207e-05
      },
      "expected_value": 0.4325130850114627,
      "house_edge": 56.74869149885373,
      "jackpot_prob": 1.3343783622823207e-05,
      "jackpot_odds": "1:74,941"
    },
    "9": {
      "probabilities": {
        "0": 0.03852526159161861,
        "1": 0.16510826396407977,
        "2": 0.29181925723883867,
        "3": 0.27855474554616416,
        "4": 0.15784768914282635,
        "5": 0.05490354404967873,
        "6": 0.011681605116952922,
        "7": 0.0014602006396191153,
        "8": 9.685004242371682e-05,
        "9": 2.582667797965782e-06
      },
      "expected_value": 0.6583007711245739,
      "house_edge": 34.16992288754261,
      "jackpot_prob": 2.582667797965782e-06,
      "jackpot_odds": "1:387,196"
    },
    "10": {
      "probabilities": {
        "0": 0.025894028282891196,
        "1": 0.12631233308727413,
        "2": 0.2571358209276652,
        "3": 0.2870353349890216,
        "4": 0.19407502763462256,
        "5": 0.08280534512410563,
        "6": 0.02250145247937653,
        "7": 0.0038300344645747285,
        "8": 0.00038898787530837085,
        "9": 2.1169408180047393e-05,
        "10": 4.6572697996104266e-07
      },
      "expected_value": 0.493997419886486,
      "house_edge": 50.60025801135139,
      "jackpot_prob": 4.6572697996104266e-07,
      "jackpot_odds": "1:2,147,180"
    }
  },
  "backtest_results": {
    "6": {
      "ticket_type": 6,
      "total_draws": 729,
      "total_stake": 729,
      "total_win": 304,
      "netto": -425,
      "roi": -58.29903978052127,
      "avg_hits": 1.757201646090535,
      "expected_hits": 1.7142857142857142,
      "lift": 1.0250342935528123,
      "hit_distribution": {
        "0": 82,
        "1": 233,
        "2": 238,
        "3": 139,
        "4": 30,
        "5": 7
      },
      "jackpots": 0,
      "best_wins": [
        {
          "datum": "2024-05-11",
          "hits": 5,
          "win": 15
        },
        {
          "datum": "2024-05-17",
          "hits": 5,
          "win": 15
        },
        {
          "datum": "2024-06-09",
          "hits": 5,
          "win": 15
        },
        {
          "datum": "2024-07-03",
          "hits": 5,
          "win": 15
        },
        {
          "datum": "2024-08-01",
          "hits": 5,
          "win": 15
        }
      ]
    },
    "7": {
      "ticket_type": 7,
      "total_draws": 729,
      "total_stake": 729,
      "total_win": 363,
      "netto": -366,
      "roi": -50.20576131687242,
      "avg_hits": 2.0356652949245544,
      "expected_hits": 2.0,
      "lift": 1.0178326474622772,
      "hit_distribution": {
        "0": 56,
        "1": 180,
        "2": 258,
        "3": 167,
        "4": 53,
        "5": 15
      },
      "jackpots": 0,
      "best_wins": [
        {
          "datum": "2024-04-01",
          "hits": 5,
          "win": 6
        },
        {
          "datum": "2024-04-10",
          "hits": 5,
          "win": 6
        },
        {
          "datum": "2024-05-11",
          "hits": 5,
          "win": 6
        },
        {
          "datum": "2024-05-13",
          "hits": 5,
          "win": 6
        },
        {
          "datum": "2024-06-30",
          "hits": 5,
          "win": 6
        }
      ]
    },
    "8": {
      "ticket_type": 8,
      "total_draws": 729,
      "total_stake": 729,
      "total_win": 324,
      "netto": -405,
      "roi": -55.55555555555556,
      "avg_hits": 2.3305898491083674,
      "expected_hits": 2.2857142857142856,
      "lift": 1.0196330589849107,
      "hit_distribution": {
        "0": 34,
        "1": 151,
        "2": 252,
        "3": 171,
        "4": 81,
        "5": 34,
        "6": 5,
        "7": 1
      },
      "jackpots": 0,
      "best_wins": [
        {
          "datum": "2025-02-11",
          "hits": 7,
          "win": 100
        },
        {
          "datum": "2024-01-23",
          "hits": 6,
          "win": 15
        },
        {
          "datum": "2024-06-07",
          "hits": 6,
          "win": 15
        },
        {
          "datum": "2024-10-08",
          "hits": 6,
          "win": 15
        },
        {
          "datum": "2025-06-23",
          "hits": 6,
          "win": 15
        }
      ]
    },
    "9": {
      "ticket_type": 9,
      "total_draws": 729,
      "total_stake": 729,
      "total_win": 303,
      "netto": -426,
      "roi": -58.43621399176955,
      "avg_hits": 2.6049382716049383,
      "expected_hits": 2.5714285714285716,
      "lift": 1.0130315500685871,
      "hit_distribution": {
        "0": 23,
        "1": 126,
        "2": 202,
        "3": 212,
        "4": 108,
        "5": 47,
        "6": 11
      },
      "jackpots": 0,
      "best_wins": [
        {
          "datum": "2024-03-15",
          "hits": 6,
          "win": 5
        },
        {
          "datum": "2024-04-04",
          "hits": 6,
          "win": 5
        },
        {
          "datum": "2024-05-26",
          "hits": 6,
          "win": 5
        },
        {
          "datum": "2024-07-20",
          "hits": 6,
          "win": 5
        },
        {
          "datum": "2025-03-10",
          "hits": 6,
          "win": 5
        }
      ]
    }
  },
  "next_tickets": {
    "6": [
      16,
      20,
      27,
      42,
      50,
      66
    ],
    "7": [
      6,
      12,
      16,
      17,
      27,
      48,
      56
    ],
    "8": [
      3,
      9,
      12,
      14,
      27,
      45,
      48,
      56
    ],
    "9": [
      3,
      4,
      12,
      16,
      17,
      27,
      33,
      41,
      61
    ]
  },
  "hot_zone": [
    48,
    39,
    17,
    50,
    58,
    32,
    27,
    56,
    46,
    45,
    14,
    33,
    9,
    47,
    42,
    20,
    11,
    16,
    6,
    53,
    54,
    23,
    35,
    4,
    66,
    12,
    61,
    15,
    30,
    41,
    8,
    24,
    57,
    69,
    3
  ]
}