{
  "timestamp": "2025-12-31T16:50:07.292319",
  "adaptive_zone": [
    33,
    48,
    50,
    5,
    6,
    17,
    9,
    27,
    56,
    46,
    14,
    43,
    57,
    12,
    47,
    53,
    7,
    54,
    70,
    4,
    35,
    41,
    20
  ],
  "ticket": [
    33,
    48,
    50,
    5,
    6,
    17,
    9,
    27,
    56
  ],
  "optimal_segment_days": 17,
  "optimal_segment_lift": 1.0059676044330776
}