{
  "intervals_test": {
    "7": {
      "avg": 3.4093264248704664
    },
    "14": {
      "avg": 3.154639175257732
    },
    "30": {
      "avg": 3.2666666666666666
    },
    "60": {
      "avg": 3.347826086956522
    }
  },
  "hit_thresholds_test": {
    "6": {
      "success_rate": 100.0
    },
    "7": {
      "success_rate": 100.0
    },
    "8": {
      "success_rate": 97.92746113989638
    },
    "9": {
      "success_rate": 65.28497409326425
    },
    "10": {
      "success_rate": 17.616580310880828
    }
  },
  "recommendation": {
    "p25_days": 1.0,
    "p50_days": 3.0,
    "p75_days": 4.0,
    "p90_days": 7.0
  }
}