{
  "intervals_test": {
    "7": {
      "avg": 3.4093264248704664
    },
    "14": {
      "avg": 3.154639175257732
    },
    "30": {
      "avg": 3.2666666666666666
    },
    "60": {
      "avg": 3.347826086956522
    }
  },
  "hit_thresholds_test": {
    "6": {
      "success_rate": 100.0
    },
    "7": {
      "success_rate": 100.0
    },
    "8": {
      "success_rate": 97.92746113989638
    },
    "9": {
      "success_rate": 65.28497409326425
    },
    "10": {
      "success_rate": 17.616580310880828
    }
  },
  "recommendation": {
    "p25_days": 1.0,
    "p50_days": 3.0,
    "p75_days": 4.0,
    "p90_days": 7.0
  },
  "cdf_6plus_by_day_pct": {
    "1": 31.088082901554404,
    "2": 47.66839378238342,
    "3": 60.62176165803109,
    "4": 75.64766839378238,
    "5": 81.86528497409327,
    "6": 87.56476683937824,
    "7": 93.78238341968913,
    "10": 96.89119170984456,
    "14": 99.48186528497409,
    "21": 100.0,
    "30": 100.0
  }
}