{
  "analysis_date": "2026-01-02T19:50:15.025581",
  "total_days_analyzed": 365,
  "miss_rates": {
    "20": 0.8270676691729323,
    "41": 0.7906976744186046,
    "29": 0.7894736842105263,
    "63": 0.7764705882352941,
    "16": 0.7719298245614035,
    "59": 0.7717391304347826,
    "12": 0.7714285714285715,
    "36": 0.7704918032786885,
    "1": 0.7686567164179104,
    "68": 0.7647058823529411,
    "28": 0.7596153846153846,
    "57": 0.7538461538461538,
    "26": 0.7538461538461538,
    "47": 0.7419354838709677,
    "13": 0.7415730337078652,
    "65": 0.7410714285714286,
    "11": 0.7404580152671756,
    "31": 0.7391304347826086,
    "69": 0.7362637362637363,
    "23": 0.7333333333333333,
    "40": 0.7328767123287672,
    "66": 0.7326732673267327,
    "39": 0.7321428571428571,
    "9": 0.73,
    "38": 0.7244897959183674,
    "35": 0.723404255319149,
    "56": 0.7227722772277227,
    "64": 0.7222222222222222,
    "50": 0.7209302325581395,
    "2": 0.72,
    "33": 0.7168141592920354,
    "7": 0.7134502923976608,
    "14": 0.711340206185567,
    "24": 0.7066666666666667,
    "54": 0.7051282051282052,
    "34": 0.7045454545454546,
    "10": 0.7022900763358778,
    "5": 0.6972477064220184,
    "30": 0.6956521739130435,
    "8": 0.6942148760330579,
    "45": 0.6938775510204082,
    "18": 0.6938775510204082,
    "43": 0.6916666666666667,
    "53": 0.6883116883116883,
    "15": 0.6804123711340206,
    "21": 0.68,
    "22": 0.6794871794871795,
    "3": 0.6783216783216783,
    "32": 0.6704545454545454,
    "4": 0.6666666666666666,
    "25": 0.6666666666666666,
    "48": 0.6625,
    "42": 0.65625,
    "51": 0.65625,
    "52": 0.6551724137931034,
    "61": 0.6545454545454545,
    "67": 0.6527777777777778,
    "44": 0.6494845360824743,
    "17": 0.6477272727272727,
    "49": 0.6451612903225806,
    "55": 0.6379310344827587,
    "27": 0.6363636363636364,
    "46": 0.6341463414634146,
    "6": 0.6323529411764706,
    "19": 0.627906976744186,
    "60": 0.6136363636363636,
    "70": 0.5833333333333334,
    "62": 0.5272727272727272,
    "37": 0.4,
    "58": 0.3333333333333333
  },
  "high_miss_numbers": [
    20,
    41,
    29,
    63,
    16,
    59,
    12,
    36,
    1,
    68,
    28,
    57,
    26
  ],
  "pool_type_miss_rates": {
    "cold_nbd": 0.7009132420091324,
    "cold_bd": 0.7182648401826484,
    "hot": 0.7063666300768386
  },
  "feature_signals": []
}