{
  "total_draws": 2242,
  "vertical_matches": {
    "total": 642,
    "expected": 12805.714285714284,
    "ratio": 0.05013386880856761,
    "by_position": {
      "15": 29,
      "5": 27,
      "9": 38,
      "18": 42,
      "12": 30,
      "17": 25,
      "10": 33,
      "16": 29,
      "7": 30,
      "11": 37,
      "13": 39,
      "2": 29,
      "6": 40,
      "14": 33,
      "3": 25,
      "8": 23,
      "19": 44,
      "4": 34,
      "20": 25,
      "1": 30
    },
    "top_numbers": {
      "57": 17,
      "11": 17,
      "8": 15,
      "13": 15,
      "64": 14,
      "36": 14,
      "43": 13,
      "66": 13,
      "18": 13,
      "39": 13,
      "5": 13,
      "21": 13,
      "19": 12,
      "68": 12,
      "17": 12,
      "67": 12,
      "61": 11,
      "26": 11,
      "23": 11,
      "56": 11
    }
  },
  "diagonal_right": {
    "total": 619,
    "expected": 12165.42857142857,
    "ratio": 0.05088189013363396
  },
  "diagonal_left": {
    "total": 613,
    "expected": 12165.42857142857,
    "ratio": 0.050388689259963836
  },
  "multi_step": {
    "-5": {
      "count": 482,
      "expected": 9604.285714285714,
      "ratio": 0.050185928900788344
    },
    "-4": {
      "count": 508,
      "expected": 10244.571428571428,
      "ratio": 0.0495872378402499
    },
    "-3": {
      "count": 521,
      "expected": 10884.857142857143,
      "ratio": 0.04786466125941675
    },
    "-2": {
      "count": 570,
      "expected": 11525.142857142857,
      "ratio": 0.04945708760969805
    },
    "-1": {
      "count": 613,
      "expected": 12165.42857142857,
      "ratio": 0.050388689259963836
    },
    "1": {
      "count": 619,
      "expected": 12165.42857142857,
      "ratio": 0.05088189013363396
    },
    "2": {
      "count": 584,
      "expected": 11525.142857142857,
      "ratio": 0.05067182309484853
    },
    "3": {
      "count": 531,
      "expected": 10884.857142857143,
      "ratio": 0.048783368769194424
    },
    "4": {
      "count": 496,
      "expected": 10244.571428571428,
      "ratio": 0.04841588576528336
    },
    "5": {
      "count": 468,
      "expected": 9604.285714285714,
      "ratio": 0.04872824631860777
    }
  },
  "position_anomalies": [
    {
      "position": 11,
      "number": 38,
      "count": 54,
      "expected": 32.0,
      "deviation_pct": 68.6
    },
    {
      "position": 1,
      "number": 49,
      "count": 51,
      "expected": 32.0,
      "deviation_pct": 59.2
    },
    {
      "position": 11,
      "number": 61,
      "count": 50,
      "expected": 32.0,
      "deviation_pct": 56.1
    },
    {
      "position": 3,
      "number": 42,
      "count": 49,
      "expected": 32.0,
      "deviation_pct": 53.0
    },
    {
      "position": 10,
      "number": 59,
      "count": 48,
      "expected": 32.0,
      "deviation_pct": 49.9
    },
    {
      "position": 5,
      "number": 48,
      "count": 47,
      "expected": 32.0,
      "deviation_pct": 46.7
    },
    {
      "position": 7,
      "number": 29,
      "count": 47,
      "expected": 32.0,
      "deviation_pct": 46.7
    },
    {
      "position": 7,
      "number": 64,
      "count": 47,
      "expected": 32.0,
      "deviation_pct": 46.7
    },
    {
      "position": 15,
      "number": 27,
      "count": 47,
      "expected": 32.0,
      "deviation_pct": 46.7
    },
    {
      "position": 16,
      "number": 57,
      "count": 47,
      "expected": 32.0,
      "deviation_pct": 46.7
    },
    {
      "position": 10,
      "number": 16,
      "count": 46,
      "expected": 32.0,
      "deviation_pct": 43.6
    },
    {
      "position": 10,
      "number": 39,
      "count": 46,
      "expected": 32.0,
      "deviation_pct": 43.6
    },
    {
      "position": 12,
      "number": 39,
      "count": 46,
      "expected": 32.0,
      "deviation_pct": 43.6
    },
    {
      "position": 14,
      "number": 8,
      "count": 46,
      "expected": 32.0,
      "deviation_pct": 43.6
    },
    {
      "position": 18,
      "number": 64,
      "count": 46,
      "expected": 32.0,
      "deviation_pct": 43.6
    }
  ],
  "longest_sequences": [
    {
      "number": 36,
      "position": 1,
      "start_date": "2019-09-26",
      "end_date": "2019-09-28",
      "length": 3
    },
    {
      "number": 32,
      "position": 1,
      "start_date": "2021-04-19",
      "end_date": "2021-04-21",
      "length": 3
    },
    {
      "number": 17,
      "position": 2,
      "start_date": "2020-07-25",
      "end_date": "2020-07-27",
      "length": 3
    },
    {
      "number": 62,
      "position": 4,
      "start_date": "2019-05-14",
      "end_date": "2019-05-16",
      "length": 3
    },
    {
      "number": 15,
      "position": 5,
      "start_date": "2019-07-03",
      "end_date": "2019-07-05",
      "length": 3
    },
    {
      "number": 13,
      "position": 10,
      "start_date": "2021-10-10",
      "end_date": "2021-10-12",
      "length": 3
    },
    {
      "number": 56,
      "position": 10,
      "start_date": "2022-05-26",
      "end_date": "2022-05-28",
      "length": 3
    },
    {
      "number": 16,
      "position": 17,
      "start_date": "2023-02-01",
      "end_date": "2023-02-03",
      "length": 3
    },
    {
      "number": 15,
      "position": 19,
      "start_date": "2021-01-03",
      "end_date": "2021-01-05",
      "length": 3
    },
    {
      "number": 57,
      "position": 1,
      "start_date": "2018-11-24",
      "end_date": "2018-11-25",
      "length": 2
    },
    {
      "number": 56,
      "position": 1,
      "start_date": "2019-02-11",
      "end_date": "2019-02-12",
      "length": 2
    },
    {
      "number": 23,
      "position": 1,
      "start_date": "2019-04-01",
      "end_date": "2019-04-02",
      "length": 2
    },
    {
      "number": 70,
      "position": 1,
      "start_date": "2019-06-24",
      "end_date": "2019-06-25",
      "length": 2
    },
    {
      "number": 22,
      "position": 1,
      "start_date": "2019-07-12",
      "end_date": "2019-07-13",
      "length": 2
    },
    {
      "number": 42,
      "position": 1,
      "start_date": "2019-07-23",
      "end_date": "2019-07-24",
      "length": 2
    },
    {
      "number": 61,
      "position": 1,
      "start_date": "2019-09-08",
      "end_date": "2019-09-09",
      "length": 2
    },
    {
      "number": 64,
      "position": 1,
      "start_date": "2019-12-03",
      "end_date": "2019-12-04",
      "length": 2
    },
    {
      "number": 19,
      "position": 1,
      "start_date": "2020-01-23",
      "end_date": "2020-01-24",
      "length": 2
    },
    {
      "number": 27,
      "position": 1,
      "start_date": "2020-02-19",
      "end_date": "2020-02-20",
      "length": 2
    },
    {
      "number": 63,
      "position": 1,
      "start_date": "2020-04-19",
      "end_date": "2020-04-20",
      "length": 2
    }
  ]
}