{
  "analysis": "regional_affinity",
  "generated_at": "2025-12-28T06:35:13.973723",
  "game": "keno",
  "number_range": [
    1,
    70
  ],
  "numbers_per_draw": 20,
  "n_draws_total": 2237,
  "parameters": {
    "min_draws_per_region": 30,
    "smoothing_alpha": 1.0,
    "z_threshold": 2.0
  },
  "global_relative_frequency": {
    "1": 0.013345235438518187,
    "2": 0.014907386744030351,
    "3": 0.014773488060700736,
    "4": 0.014193260432939076,
    "5": 0.014282526221825485,
    "6": 0.013590716357955814,
    "7": 0.014505690694041508,
    "8": 0.014304842669047088,
    "9": 0.014974336085695157,
    "10": 0.015175184110689579,
    "11": 0.013590716357955814,
    "12": 0.014193260432939076,
    "13": 0.014148627538495872,
    "14": 0.014349475563490293,
    "15": 0.013813880830171836,
    "16": 0.014260209774603884,
    "17": 0.013702298594063826,
    "18": 0.013679982146842223,
    "19": 0.014103994644052667,
    "20": 0.014929703191251953,
    "21": 0.014438741352376702,
    "22": 0.014014728855166258,
    "23": 0.013925463066279849,
    "24": 0.014594956482927917,
    "25": 0.013880830171836644,
    "26": 0.014170943985717473,
    "27": 0.01510823476902477,
    "28": 0.014349475563490293,
    "29": 0.013858513724615041,
    "30": 0.014215576880160678,
    "31": 0.013791564382950235,
    "32": 0.014728855166257531,
    "33": 0.014751171613479134,
    "34": 0.014215576880160678,
    "35": 0.013903146619058246,
    "36": 0.014907386744030351,
    "37": 0.013322918991296586,
    "38": 0.014193260432939076,
    "39": 0.014929703191251953,
    "40": 0.014416424905155099,
    "41": 0.013679982146842223,
    "42": 0.014974336085695157,
    "43": 0.014639589377371122,
    "44": 0.014371792010711894,
    "45": 0.013211336755188574,
    "46": 0.013880830171836644,
    "47": 0.014304842669047088,
    "48": 0.013925463066279849,
    "49": 0.015532247266235215,
    "50": 0.014282526221825485,
    "51": 0.0134568176746262,
    "52": 0.014461057799598304,
    "53": 0.014505690694041508,
    "54": 0.014193260432939076,
    "55": 0.014304842669047088,
    "56": 0.01432715911626869,
    "57": 0.014594956482927917,
    "58": 0.014260209774603884,
    "59": 0.014639589377371122,
    "60": 0.013925463066279849,
    "61": 0.014572640035706316,
    "62": 0.013613032805177415,
    "63": 0.014170943985717473,
    "64": 0.015242133452354385,
    "65": 0.014594956482927917,
    "66": 0.01510823476902477,
    "67": 0.01423789332738228,
    "68": 0.014349475563490293,
    "69": 0.013903146619058246,
    "70": 0.014193260432939076
  },
  "regions": [],
  "skipped_regions": [],
  "warnings": [
    "No region metadata found; skipping regional analysis"
  ]
}