{
  "analysis_date": "2025-12-30T09:57:18.937773",
  "results": {
    "typ_8": {
      "original": {
        "roi": 115.81277672359266,
        "played": 1581,
        "won": 3412,
        "high_wins_count": 15
      },
      "v1_jackpot": {
        "roi": 76.0910815939279,
        "played": 1581,
        "won": 2784,
        "high_wins_count": 10
      },
      "v1_balanced": {
        "roi": 6.7678684376976594,
        "played": 1581,
        "won": 1688,
        "high_wins_count": 6
      }
    },
    "typ_9": {
      "original": {
        "roi": 228.39974699557243,
        "played": 1581,
        "won": 5192,
        "high_wins_count": 5
      },
      "v1_jackpot": {
        "roi": 176.02783048703353,
        "played": 1581,
        "won": 4364,
        "high_wins_count": 4
      },
      "v1_balanced": {
        "roi": 174.63630613535736,
        "played": 1581,
        "won": 4342,
        "high_wins_count": 4
      }
    },
    "typ_10": {
      "original": {
        "roi": 224.7311827956989,
        "played": 1581,
        "won": 5134,
        "high_wins_count": 10
      },
      "v1_jackpot": {
        "roi": 83.42820999367488,
        "played": 1581,
        "won": 2900,
        "high_wins_count": 6
      },
      "v1_balanced": {
        "roi": 85.07273877292853,
        "played": 1581,
        "won": 2926,
        "high_wins_count": 6
      }
    }
  }
}