{
  "analysis_date": "2025-12-30T10:53:23.002509",
  "results": {
    "typ_8": {
      "original": {
        "roi": -55.597722960151806,
        "played": 1581,
        "won": 702.0,
        "high_wins": 1
      },
      "v2": {
        "roi": -57.1157495256167,
        "played": 1581,
        "won": 678.0,
        "high_wins": 1,
        "mode_distribution": {
          "normal": 904,
          "conservative": 298,
          "jackpot": 379
        },
        "mode_roi": {
          "normal": -49.336283185840706,
          "conservative": -64.09395973154362,
          "jackpot": -70.18469656992085
        }
      }
    },
    "typ_9": {
      "original": {
        "roi": -50.60088551549652,
        "played": 1581,
        "won": 781.0,
        "high_wins": 0
      },
      "v2": {
        "roi": -50.98039215686274,
        "played": 1581,
        "won": 775.0,
        "high_wins": 0,
        "mode_distribution": {
          "normal": 904,
          "conservative": 298,
          "jackpot": 379
        },
        "mode_roi": {
          "normal": -50.22123893805309,
          "conservative": -47.651006711409394,
          "jackpot": -55.4089709762533
        }
      }
    },
    "typ_10": {
      "original": {
        "roi": -38.45667299177736,
        "played": 1581,
        "won": 973.0,
        "high_wins": 3
      },
      "v2": {
        "roi": -47.881087919038585,
        "played": 1581,
        "won": 824.0,
        "high_wins": 2,
        "mode_distribution": {
          "normal": 904,
          "conservative": 298,
          "jackpot": 379
        },
        "mode_roi": {
          "normal": -37.16814159292036,
          "conservative": -62.41610738255034,
          "jackpot": -62.00527704485488
        }
      }
    }
  }
}