{
  "analysis_date": "2025-12-30T10:46:16.034518",
  "results": {
    "original_only": {
      "roi": -26.713050811722418,
      "invested": 15810.0,
      "won": 11586.666666666686
    },
    "jackpot_only": {
      "roi": -33.54417035631458,
      "invested": 15810.0,
      "won": 10506.666666666664
    },
    "original_jackpot_50_50": {
      "roi": -30.128610584018627,
      "invested": 15810.0,
      "won": 11046.666666666655,
      "strategy_breakdown": {
        "jackpot": {
          "roi": -33.54417035631904,
          "invested": 7905.000000000544,
          "won": 5253.333333333341
        },
        "original": {
          "roi": -26.713050811727477,
          "invested": 7905.000000000544,
          "won": 5793.333333333341
        }
      }
    },
    "full_portfolio": {
      "roi": -36.04303926294942,
      "invested": 12446.0,
      "won": 7960.083333333315,
      "strategy_breakdown": {
        "jackpot": {
          "roi": -33.54417035631457,
          "invested": 4743.0,
          "won": 3152.0
        },
        "original": {
          "roi": -26.71305081172254,
          "invested": 4743.0,
          "won": 3476.0
        },
        "small_wins": {
          "roi": -55.06756756756756,
          "invested": 1109.9999999999998,
          "won": 498.74999999999994
        },
        "medium_wins": {
          "roi": -54.954954954954324,
          "invested": 1849.9999999999775,
          "won": 833.3333333333347
        }
      }
    },
    "optimized_portfolio": {
      "roi": -35.37542675633465,
      "invested": 14027.000000000002,
      "won": 9064.88888888894,
      "strategy_breakdown": {
        "jackpot": {
          "roi": -33.544170356316606,
          "invested": 5533.500000000161,
          "won": 3677.3333333333276
        },
        "original": {
          "roi": -26.71305081172486,
          "invested": 5533.500000000161,
          "won": 4055.333333333323
        },
        "small_wins": {
          "roi": -55.067567567566975,
          "invested": 986.6666666666507,
          "won": 443.33333333333206
        },
        "medium_wins": {
          "roi": -54.954954954954374,
          "invested": 1973.3333333333014,
          "won": 888.888888888886
        }
      }
    }
  }
}