{
  "analysis_date": "2025-12-30T10:06:05.004066",
  "results": {
    "original_only": {
      "roi": 288.825637781994,
      "invested": 15810.0,
      "won": 61473.33333333325
    },
    "jackpot_only": {
      "roi": 220.0716845878137,
      "invested": 15810.0,
      "won": 50603.33333333335
    },
    "original_jackpot_50_50": {
      "roi": 254.44866118490484,
      "invested": 15810.0,
      "won": 56038.33333333345,
      "strategy_breakdown": {
        "jackpot": {
          "roi": 220.07168458778824,
          "invested": 7905.000000000544,
          "won": 25301.6666666664
        },
        "original": {
          "roi": 288.82563778196453,
          "invested": 7905.000000000544,
          "won": 30736.666666666406
        }
      }
    },
    "full_portfolio": {
      "roi": 183.11371792811576,
      "invested": 12446.0,
      "won": 35236.333333333285,
      "strategy_breakdown": {
        "jackpot": {
          "roi": 220.07168458781362,
          "invested": 4743.0,
          "won": 15181.0
        },
        "original": {
          "roi": 288.82563778199454,
          "invested": 4743.0,
          "won": 18442.0
        },
        "small_wins": {
          "roi": -55.06756756756756,
          "invested": 1109.9999999999998,
          "won": 498.74999999999994
        },
        "medium_wins": {
          "roi": -39.752252252251544,
          "invested": 1849.9999999999775,
          "won": 1114.5833333333328
        }
      }
    },
    "optimized_portfolio": {
      "roi": 191.28862590400908,
      "invested": 14027.000000000002,
      "won": 40859.05555555536,
      "strategy_breakdown": {
        "jackpot": {
          "roi": 220.07168458780777,
          "invested": 5533.500000000161,
          "won": 17711.166666666857
        },
        "original": {
          "roi": 288.82563778198323,
          "invested": 5533.500000000161,
          "won": 21515.666666666668
        },
        "small_wins": {
          "roi": -55.067567567566975,
          "invested": 986.6666666666507,
          "won": 443.33333333333206
        },
        "medium_wins": {
          "roi": -39.752252252251466,
          "invested": 1973.3333333333014,
          "won": 1188.8888888888853
        }
      }
    }
  }
}