{
  "analysis_date": "2025-12-30T10:53:04.367380",
  "results": {
    "typ_8": {
      "original": {
        "roi": -55.597722960151806,
        "played": 1581,
        "won": 702.0,
        "high_wins_count": 1
      },
      "v1_jackpot": {
        "roi": -61.54332700822265,
        "played": 1581,
        "won": 608.0,
        "high_wins_count": 1
      },
      "v1_balanced": {
        "roi": -67.10942441492726,
        "played": 1581,
        "won": 520.0,
        "high_wins_count": 0
      }
    },
    "typ_9": {
      "original": {
        "roi": -50.60088551549652,
        "played": 1581,
        "won": 781.0,
        "high_wins_count": 0
      },
      "v1_jackpot": {
        "roi": -53.636938646426316,
        "played": 1581,
        "won": 733.0,
        "high_wins_count": 0
      },
      "v1_balanced": {
        "roi": -52.68817204301075,
        "played": 1581,
        "won": 748.0,
        "high_wins_count": 0
      }
    },
    "typ_10": {
      "original": {
        "roi": -38.45667299177736,
        "played": 1581,
        "won": 973.0,
        "high_wins_count": 3
      },
      "v1_jackpot": {
        "roi": -53.38393421884883,
        "played": 1581,
        "won": 737.0,
        "high_wins_count": 1
      },
      "v1_balanced": {
        "roi": -51.67615433270082,
        "played": 1581,
        "won": 764.0,
        "high_wins_count": 1
      }
    }
  }
}