{
  "analysis": "ticket_backtest",
  "generated_at": "2025-12-30T10:45:32.462543",
  "draws_path": "data/raw/keno/KENO_ab_2018.csv",
  "results": [
    {
      "keno_type": 6,
      "n_predictions": 1872,
      "start_index": 365,
      "recent_draws": 365,
      "recent_weight": 0.6,
      "mean_hits": 1.7131410256410255,
      "expected_mean_hits": 1.7142857142857144,
      "mean_hits_z": -0.04647263204130982,
      "mean_hits_p_value": 0.9629335469782659,
      "near_miss_hits": 5,
      "near_miss_count": 9,
      "expected_near_miss_count": 11.067867888114481,
      "near_miss_p_value": 0.650981030339437,
      "jackpot_hits": 6,
      "jackpot_count": 0,
      "expected_jackpot_count": 0.5533933944057241,
      "jackpot_p_value": 1.0,
      "last_ticket": [
        3,
        50,
        49,
        39,
        25,
        47
      ],
      "hit_distribution": {
        "keno_type": 6,
        "observed_counts": {
          "0": 222,
          "1": 609,
          "2": 624,
          "3": 327,
          "4": 81,
          "5": 9,
          "6": 0
        },
        "expected_counts": {
          "0": 226.87844201452629,
          "1": 605.0091787054034,
          "2": 624.7377388805796,
          "3": 319.01501559859383,
          "4": 84.7383635183765,
          "5": 11.067867888114481,
          "6": 0.5533933944057241
        },
        "chi2_statistic": 1.0881279057850763,
        "chi2_p_value": 0.9551491325572641,
        "bins_used": 6,
        "note": "chi-square vs exact hypergeometric null (merged bins)"
      }
    },
    {
      "keno_type": 7,
      "n_predictions": 1872,
      "start_index": 365,
      "recent_draws": 365,
      "recent_weight": 0.6,
      "mean_hits": 2.0005341880341883,
      "expected_mean_hits": 2.0,
      "mean_hits_z": 0.020237197423173422,
      "mean_hits_p_value": 0.9838541547024258,
      "near_miss_hits": 6,
      "near_miss_count": 2,
      "expected_near_miss_count": 3.026370125656303,
      "near_miss_p_value": 0.7758043472215039,
      "jackpot_hits": 7,
      "jackpot_count": 0,
      "expected_jackpot_count": 0.12105480502625214,
      "jackpot_p_value": 1.0,
      "last_ticket": [
        3,
        50,
        49,
        39,
        25,
        47,
        64
      ],
      "hit_distribution": {
        "keno_type": 7,
        "observed_counts": {
          "0": 151,
          "1": 503,
          "2": 615,
          "3": 427,
          "4": 151,
          "5": 23,
          "6": 2,
          "7": 0
        },
        "expected_counts": {
          "0": 155.97892888498683,
          "1": 496.2965919067763,
          "2": 628.6423497485833,
          "3": 409.9841411403804,
          "4": 148.29213615715886,
          "5": 29.658427231431773,
          "6": 3.026370125656303,
          "7": 0.12105480502625214
        },
        "chi2_statistic": 3.158527237262528,
        "chi2_p_value": 0.675560669362627,
        "bins_used": 6,
        "note": "chi-square vs exact hypergeometric null (merged bins)"
      }
    },
    {
      "keno_type": 8,
      "n_predictions": 1872,
      "start_index": 365,
      "recent_draws": 365,
      "recent_weight": 0.6,
      "mean_hits": 2.298076923076923,
      "expected_mean_hits": 2.2857142857142856,
      "mean_hits_z": 0.4416170165766073,
      "mean_hits_p_value": 0.6587663681482256,
      "near_miss_hits": 7,
      "near_miss_count": 1,
      "expected_near_miss_count": 0.7686019366746167,
      "near_miss_p_value": 0.5364123306071136,
      "jackpot_hits": 8,
      "jackpot_count": 0,
      "expected_jackpot_count": 0.02497956294192504,
      "jackpot_p_value": 1.0,
      "last_ticket": [
        3,
        50,
        49,
        39,
        25,
        47,
        64,
        6
      ],
      "hit_distribution": {
        "keno_type": 8,
        "observed_counts": {
          "0": 102,
          "1": 379,
          "2": 617,
          "3": 477,
          "4": 236,
          "5": 53,
          "6": 7,
          "7": 1,
          "8": 0
        },
        "expected_counts": {
          "0": 106.46180860403864,
          "1": 396.1369622475856,
          "2": 598.7069997605555,
          "3": 478.9655998084444,
          "4": 221.2612825202053,
          "5": 60.258391835289956,
          "6": 9.415373724264056,
          "7": 0.7686019366746167,
          "8": 0.02497956294192504
        },
        "chi2_statistic": 3.8293828065351936,
        "chi2_p_value": 0.6997526403281413,
        "bins_used": 7,
        "note": "chi-square vs exact hypergeometric null (merged bins)"
      }
    },
    {
      "keno_type": 9,
      "n_predictions": 1872,
      "start_index": 365,
      "recent_draws": 365,
      "recent_weight": 0.6,
      "mean_hits": 2.5833333333333335,
      "expected_mean_hits": 2.571428571428571,
      "mean_hits_z": 0.40421278819711726,
      "mean_hits_p_value": 0.6860562506392984,
      "near_miss_hits": 8,
      "near_miss_count": 0,
      "expected_near_miss_count": 0.1813032794171979,
      "near_miss_p_value": 1.0,
      "jackpot_hits": 9,
      "jackpot_count": 0,
      "expected_jackpot_count": 0.004834754117791944,
      "jackpot_p_value": 1.0,
      "last_ticket": [
        3,
        50,
        49,
        39,
        25,
        47,
        64,
        6,
        2
      ],
      "hit_distribution": {
        "keno_type": 9,
        "observed_counts": {
          "0": 66,
          "1": 288,
          "2": 564,
          "3": 541,
          "4": 292,
          "5": 98,
          "6": 22,
          "7": 1,
          "8": 0,
          "9": 0
        },
        "expected_counts": {
          "0": 72.11928969951005,
          "1": 309.08267014075733,
          "2": 546.285649551106,
          "3": 521.4544836624193,
          "4": 295.4908740753709,
          "5": 102.77943446099859,
          "6": 21.86796477893587,
          "7": 2.733495597366984,
          "8": 0.1813032794171979,
          "9": 0.004834754117791944
        },
        "chi2_statistic": 3.656726276771395,
        "chi2_p_value": 0.7230145302148139,
        "bins_used": 7,
        "note": "chi-square vs exact hypergeometric null (merged bins)"
      }
    },
    {
      "keno_type": 10,
      "n_predictions": 1872,
      "start_index": 365,
      "recent_draws": 365,
      "recent_weight": 0.6,
      "mean_hits": 2.876068376068376,
      "expected_mean_hits": 2.8571428571428568,
      "mean_hits_z": 0.6146780131329531,
      "mean_hits_p_value": 0.5387673828193357,
      "near_miss_hits": 9,
      "near_miss_count": 0,
      "expected_near_miss_count": 0.03962913211304872,
      "near_miss_p_value": 1.0,
      "jackpot_hits": 10,
      "jackpot_count": 0,
      "expected_jackpot_count": 0.0008718409064870718,
      "jackpot_p_value": 1.0,
      "last_ticket": [
        3,
        50,
        49,
        39,
        25,
        47,
        64,
        6,
        2,
        66
      ],
      "hit_distribution": {
        "keno_type": 10,
        "observed_counts": {
          "0": 42,
          "1": 223,
          "2": 476,
          "3": 564,
          "4": 370,
          "5": 148,
          "6": 46,
          "7": 3,
          "8": 0,
          "9": 0,
          "10": 0
        },
        "expected_counts": {
          "0": 48.47362094557232,
          "1": 236.45668753937719,
          "2": 481.3582567765892,
          "3": 537.3301470994485,
          "4": 363.30845173201345,
          "5": 155.01160607232575,
          "6": 42.12271904139286,
          "7": 7.1698245176838915,
          "8": 0.7281853025772702,
          "9": 0.03962913211304872,
          "10": 0.0008718409064870718
        },
        "chi2_statistic": 6.883261590070241,
        "chi2_p_value": 0.44113511423130125,
        "bins_used": 8,
        "note": "chi-square vs exact hypergeometric null (merged bins)"
      }
    }
  ]
}