{
  "analysis_date": "2025-12-31T14:03:03.162381",
  "strategies": {
    "COLD_20": {
      "avg_hits": 14.470588235294118,
      "included": 50,
      "pct_12plus": 94.11764705882352
    },
    "LOWFREQ_20": {
      "avg_hits": 14.235294117647058,
      "included": 50,
      "pct_12plus": 94.11764705882352
    },
    "COLD_25": {
      "avg_hits": 13.411764705882353,
      "included": 45,
      "pct_12plus": 70.58823529411765
    },
    "LOWFREQ_25": {
      "avg_hits": 13.117647058823529,
      "included": 45,
      "pct_12plus": 76.47058823529412
    },
    "COLD_30": {
      "avg_hits": 12.0,
      "included": 40,
      "pct_12plus": 47.05882352941176
    },
    "LOWFREQ_30": {
      "avg_hits": 11.647058823529411,
      "included": 40,
      "pct_12plus": 52.94117647058824
    },
    "BIRTHDAY_31": {
      "avg_hits": 11.352941176470589,
      "included": 39,
      "pct_12plus": 52.94117647058824
    }
  },
  "recommendation": {
    "base_range": "NON_BIRTHDAY (32-70)",
    "base_size": 39,
    "add_top_n_birthday": 6,
    "total_size": 45,
    "lookback_days": 14,
    "timing_signal": "INDEX_SUM >= 30"
  }
}