{
  "analysis_date": "2025-12-31T14:06:12.830323",
  "index_sum_stats": {
    "min": 0,
    "max": 38,
    "median": 28.0,
    "mean": 27.985586822237476
  },
  "jackpot_index_sum": {
    "mean": 28.470588235294116,
    "median": 29.0
  },
  "best_threshold": 34,
  "best_ratio": 1.3185520361990952
}